[
    {
        "vuelo": "A100",
        "numero_de_registro": "N50001",
        "modelo": "Boeing 737",
        "fabricante": "Boeing",
        "ano_fabricacion": 2015,
        "capacidad": 180,
        "peso_max_despegue": 79000,
        "aerolinea": "AirlineX",
        "estado": "Mantenimiento"
    },
    {
        "vuelo": "A101",
        "numero_de_registro": "N50002",
        "modelo": "Airbus A320",
        "fabricante": "Airbus",
        "ano_fabricacion": 2018,
        "capacidad": 150,
        "peso_max_despegue": 77000,
        "aerolinea": "AirlineY",
        "estado": "Mantenimiento"
    },
    {
        "vuelo": "A102",
        "numero_de_registro": "N50003",
        "modelo": "Boeing 787",
        "fabricante": "Boeing",
        "ano_fabricacion": 2020,
        "capacidad": 242,
        "peso_max_despegue": 254000,
        "aerolinea": "AirlineZ",
        "estado": "Mantenimiento"
    },
    {
        "vuelo": "A103",
        "numero_de_registro": "N50004",
        "modelo": "Boeing 777",
        "fabricante": "Boeing",
        "ano_fabricacion": 2012,
        "capacidad": 396,
        "peso_max_despegue": 351000,
        "aerolinea": "AirlineX",
        "estado": "Mantenimiento"
    },
    {
        "vuelo": "A104",
        "numero_de_registro": "N50005",
        "modelo": "Airbus A380",
        "fabricante": "Airbus",
        "ano_fabricacion": 2010,
        "capacidad": 853,
        "peso_max_despegue": 560000,
        "aerolinea": "AirlineW",
        "estado": "Mantenimiento"
    },
    {
        "vuelo": "A105",
        "numero_de_registro": "N50006",
        "modelo": "Airbus A380",
        "fabricante": "Airbus",
        "ano_fabricacion": 2010,
        "capacidad": 853,
        "peso_max_despegue": 560000,
        "aerolinea": "AirlineW",
        "estado": "Disponible"
    },
    {
        "vuelo": "A106",
        "numero_de_registro": "N50007",
        "modelo": "Boeing 737",
        "fabricante": "Boeing",
        "ano_fabricacion": 2015,
        "capacidad": 180,
        "peso_max_despegue": 79000,
        "aerolinea": "AirlineX",
        "estado": "Disponible"
    },
    {
        "vuelo": "A107",
        "numero_de_registro": "N50008",
        "modelo": "Airbus A320",
        "fabricante": "Airbus",
        "ano_fabricacion": 2018,
        "capacidad": 150,
        "peso_max_despegue": 77000,
        "aerolinea": "AirlineY",
        "estado": "Disponible"
    },
    {
        "vuelo": "A108",
        "numero_de_registro": "N50009",
        "modelo": "Boeing 787",
        "fabricante": "Boeing",
        "ano_fabricacion": 2020,
        "capacidad": 242,
        "peso_max_despegue": 254000,
        "aerolinea": "AirlineZ",
        "estado": "Disponible"
    },
    {
        "vuelo": "A109",
        "numero_de_registro": "N50010",
        "modelo": "Boeing 777",
        "fabricante": "Boeing",
        "ano_fabricacion": 2012,
        "capacidad": 396,
        "peso_max_despegue": 351000,
        "aerolinea": "AirlineX",
        "estado": "Disponible"
    },
    {
        "vuelo": "A110",
        "numero_de_registro": "N50011",
        "modelo": "Airbus A380",
        "fabricante": "Airbus",
        "ano_fabricacion": 2010,
        "capacidad": 853,
        "peso_max_despegue": 560000,
        "aerolinea": "AirlineW",
        "estado": "Disponible"
    },
    {
        "vuelo": "A111",
        "numero_de_registro": "N50012",
        "modelo": "Boeing 737",
        "fabricante": "Boeing",
        "ano_fabricacion": 2015,
        "capacidad": 180,
        "peso_max_despegue": 79000,
        "aerolinea": "AirlineX",
        "estado": "Disponible"
    },
    {
        "vuelo": "A112",
        "numero_de_registro": "N50013",
        "modelo": "Airbus A320",
        "fabricante": "Airbus",
        "ano_fabricacion": 2018,
        "capacidad": 150,
        "peso_max_despegue": 77000,
        "aerolinea": "AirlineY",
        "estado": "Disponible"
    },
    {
        "vuelo": "A113",
        "numero_de_registro": "N50014",
        "modelo": "Boeing 787",
        "fabricante": "Boeing",
        "ano_fabricacion": 2020,
        "capacidad": 242,
        "peso_max_despegue": 254000,
        "aerolinea": "AirlineZ",
        "estado": "Disponible"
    },
    {
        "vuelo": "A114",
        "numero_de_registro": "N50015",
        "modelo": "Boeing 777",
        "fabricante": "Boeing",
        "ano_fabricacion": 2012,
        "capacidad": 396,
        "peso_max_despegue": 351000,
        "aerolinea": "AirlineX",
        "estado": "Disponible"
    },
    {
        "vuelo": "A115",
        "numero_de_registro": "N50016",
        "modelo": "Airbus A380",
        "fabricante": "Airbus",
        "ano_fabricacion": 2010,
        "capacidad": 853,
        "peso_max_despegue": 560000,
        "aerolinea": "AirlineW",
        "estado": "Disponible"
    },
    {
        "vuelo": "A116",
        "numero_de_registro": "N50017",
        "modelo": "Boeing 737",
        "fabricante": "Boeing",
        "ano_fabricacion": 2015,
        "capacidad": 180,
        "peso_max_despegue": 79000,
        "aerolinea": "AirlineX",
        "estado": "Disponible"
    },
    {
        "vuelo": "A117",
        "numero_de_registro": "N50018",
        "modelo": "Airbus A320",
        "fabricante": "Airbus",
        "ano_fabricacion": 2018,
        "capacidad": 150,
        "peso_max_despegue": 77000,
        "aerolinea": "AirlineY",
        "estado": "Disponible"
    },
    {
        "vuelo": "A118",
        "numero_de_registro": "N50019",
        "modelo": "Boeing 787",
        "fabricante": "Boeing",
        "ano_fabricacion": 2020,
        "capacidad": 242,
        "peso_max_despegue": 254000,
        "aerolinea": "AirlineZ",
        "estado": "Disponible"
    },
    {
        "vuelo": "A119",
        "numero_de_registro": "N50020",
        "modelo": "Boeing 777",
        "fabricante": "Boeing",
        "ano_fabricacion": 2012,
        "capacidad": 396,
        "peso_max_despegue": 351000,
        "aerolinea": "AirlineX",
        "estado": "Disponible"
    },
    {
        "vuelo": "A120",
        "numero_de_registro": "N50021",
        "modelo": "Airbus A380",
        "fabricante": "Airbus",
        "ano_fabricacion": 2010,
        "capacidad": 853,
        "peso_max_despegue": 560000,
        "aerolinea": "AirlineW",
        "estado": "Disponible"
    },
    {
        "vuelo": "A121",
        "numero_de_registro": "N50022",
        "modelo": "Boeing 737",
        "fabricante": "Boeing",
        "ano_fabricacion": 2015,
        "capacidad": 180,
        "peso_max_despegue": 79000,
        "aerolinea": "AirlineX",
        "estado": "Disponible"
    },
    {
        "vuelo": "A122",
        "numero_de_registro": "N50023",
        "modelo": "Airbus A320",
        "fabricante": "Airbus",
        "ano_fabricacion": 2018,
        "capacidad": 150,
        "peso_max_despegue": 77000,
        "aerolinea": "AirlineY",
        "estado": "Disponible"
    },
    {
        "vuelo": "A123",
        "numero_de_registro": "N50024",
        "modelo": "Boeing 787",
        "fabricante": "Boeing",
        "ano_fabricacion": 2020,
        "capacidad": 242,
        "peso_max_despegue": 254000,
        "aerolinea": "AirlineZ",
        "estado": "Disponible"
    },
    {
        "vuelo": "A124",
        "numero_de_registro": "N50025",
        "modelo": "Boeing 777",
        "fabricante": "Boeing",
        "ano_fabricacion": 2012,
        "capacidad": 396,
        "peso_max_despegue": 351000,
        "aerolinea": "AirlineX",
        "estado": "Disponible"
    },
    {
        "vuelo": "A125",
        "numero_de_registro": "N50026",
        "modelo": "Airbus A380",
        "fabricante": "Airbus",
        "ano_fabricacion": 2010,
        "capacidad": 853,
        "peso_max_despegue": 560000,
        "aerolinea": "AirlineW",
        "estado": "Mantenimiento"
    },
    {
        "vuelo": "A126",
        "numero_de_registro": "N50027",
        "modelo": "Boeing 737",
        "fabricante": "Boeing",
        "ano_fabricacion": 2015,
        "capacidad": 180,
        "peso_max_despegue": 79000,
        "aerolinea": "AirlineX",
        "estado": "Mantenimiento"
    },
    {
        "vuelo": "A127",
        "numero_de_registro": "N50028",
        "modelo": "Airbus A320",
        "fabricante": "Airbus",
        "ano_fabricacion": 2018,
        "capacidad": 150,
        "peso_max_despegue": 77000,
        "aerolinea": "AirlineY",
        "estado": "Mantenimiento"
    },
    {
        "vuelo": "A128",
        "numero_de_registro": "N50029",
        "modelo": "Boeing 787",
        "fabricante": "Boeing",
        "ano_fabricacion": 2020,
        "capacidad": 242,
        "peso_max_despegue": 254000,
        "aerolinea": "AirlineZ",
        "estado": "Mantenimiento"
    },
    {
        "vuelo": "A129",
        "numero_de_registro": "N50030",
        "modelo": "Boeing 777",
        "fabricante": "Boeing",
        "ano_fabricacion": 2012,
        "capacidad": 396,
        "peso_max_despegue": 351000,
        "aerolinea": "AirlineX",
        "estado": "Mantenimiento"
    }
]
