[
    {
        "nombre": "Marta Rodríguez",
        "nacionalidad": "España",
        "numero_de_pasaporte": "P90000000",
        "vuelo": "A120",
        "asiento": 19,
        "destino": "Londres",
        "origen": "Barcelona",
        "equipaje_facturado": 2
    },
    {
        "nombre": "Liam Johnson",
        "nacionalidad": "Reino Unido",
        "numero_de_pasaporte": "P90000001",
        "vuelo": "A120",
        "asiento": 11,
        "destino": "Ciudad de México",
        "origen": "Manchester",
        "equipaje_facturado": 1
    },
    {
        "nombre": "Carlos García",
        "nacionalidad": "Canadá",
        "numero_de_pasaporte": "P90000002",
        "vuelo": "A111",
        "asiento": 15,
        "destino": "New York",
        "origen": "Manchester",
        "equipaje_facturado": 0
    },
    {
        "nombre": "Liam Johnson",
        "nacionalidad": "España",
        "numero_de_pasaporte": "P90000003",
        "vuelo": "A129",
        "asiento": 15,
        "destino": "Ciudad de México",
        "origen": "Vancouver",
        "equipaje_facturado": 1
    },
    {
        "nombre": "Jane Smith",
        "nacionalidad": "México",
        "numero_de_pasaporte": "P90000004",
        "vuelo": "A101",
        "asiento": 16,
        "destino": "Ciudad de México",
        "origen": "Manchester",
        "equipaje_facturado": 2
    },
    {
        "nombre": "John Doe",
        "nacionalidad": "Estados Unidos",
        "numero_de_pasaporte": "P90000005",
        "vuelo": "A112",
        "asiento": 11,
        "destino": "Madrid",
        "origen": "Barcelona",
        "equipaje_facturado": 3
    },
    {
        "nombre": "Marta Rodríguez",
        "nacionalidad": "España",
        "numero_de_pasaporte": "P90000006",
        "vuelo": "A101",
        "asiento": 17,
        "destino": "Toronto",
        "origen": "Los Angeles",
        "equipaje_facturado": 2
    },
    {
        "nombre": "John Doe",
        "nacionalidad": "Estados Unidos",
        "numero_de_pasaporte": "P90000007",
        "vuelo": "A115",
        "asiento": 18,
        "destino": "Madrid",
        "origen": "Vancouver",
        "equipaje_facturado": 1
    },
    {
        "nombre": "Jane Smith",
        "nacionalidad": "Canadá",
        "numero_de_pasaporte": "P90000008",
        "vuelo": "A101",
        "asiento": 10,
        "destino": "Londres",
        "origen": "Manchester",
        "equipaje_facturado": 2
    },
    {
        "nombre": "Carlos García",
        "nacionalidad": "Estados Unidos",
        "numero_de_pasaporte": "P90000009",
        "vuelo": "A103",
        "asiento": 12,
        "destino": "Toronto",
        "origen": "Londres",
        "equipaje_facturado": 3
    },
    {
        "nombre": "Marta Rodríguez",
        "nacionalidad": "México",
        "numero_de_pasaporte": "P90000010",
        "vuelo": "A129",
        "asiento": 12,
        "destino": "Vancouver",
        "origen": "Ciudad de México",
        "equipaje_facturado": 2
    },
    {
        "nombre": "Jane Smith",
        "nacionalidad": "Estados Unidos",
        "numero_de_pasaporte": "P90000011",
        "vuelo": "A120",
        "asiento": 12,
        "destino": "Madrid",
        "origen": "New York",
        "equipaje_facturado": 1
    },
    {
        "nombre": "John Doe",
        "nacionalidad": "Reino Unido",
        "numero_de_pasaporte": "P90000012",
        "vuelo": "A116",
        "asiento": 18,
        "destino": "Londres",
        "origen": "Barcelona",
        "equipaje_facturado": 2
    },
    {
        "nombre": "Carlos García",
        "nacionalidad": "Canadá",
        "numero_de_pasaporte": "P90000013",
        "vuelo": "A100",
        "asiento": 19,
        "destino": "Vancouver",
        "origen": "New York",
        "equipaje_facturado": 3
    },
    {
        "nombre": "Jane Smith",
        "nacionalidad": "Estados Unidos",
        "numero_de_pasaporte": "P90000014",
        "vuelo": "A111",
        "asiento": 14,
        "destino": "Barcelona",
        "origen": "Toronto",
        "equipaje_facturado": 2
    },
    {
        "nombre": "Carlos García",
        "nacionalidad": "Canadá",
        "numero_de_pasaporte": "P90000015",
        "vuelo": "A114",
        "asiento": 13,
        "destino": "Madrid",
        "origen": "Londres",
        "equipaje_facturado": 1
    },
    {
        "nombre": "Jane Smith",
        "nacionalidad": "México",
        "numero_de_pasaporte": "P90000016",
        "vuelo": "A121",
        "asiento": 10,
        "destino": "Toronto",
        "origen": "Cancún",
        "equipaje_facturado": 2
    },
    {
        "nombre": "Marta Rodríguez",
        "nacionalidad": "España",
        "numero_de_pasaporte": "P90000017",
        "vuelo": "A129",
        "asiento": 16,
        "destino": "Ciudad de México",
        "origen": "Los Angeles",
        "equipaje_facturado": 3
    },
    {
        "nombre": "Jane Smith",
        "nacionalidad": "México",
        "numero_de_pasaporte": "P90000018",
        "vuelo": "A107",
        "asiento": 18,
        "destino": "Madrid",
        "origen": "Vancouver",
        "equipaje_facturado": 2
    },
    {
        "nombre": "Marta Rodríguez",
        "nacionalidad": "España",
        "numero_de_pasaporte": "P90000019",
        "vuelo": "A129",
        "asiento": 14,
        "destino": "Londres",
        "origen": "Vancouver",
        "equipaje_facturado": 1
    },
    {
        "nombre": "Jane Smith",
        "nacionalidad": "Reino Unido",
        "numero_de_pasaporte": "P90000020",
        "vuelo": "A108",
        "asiento": 10,
        "destino": "Barcelona",
        "origen": "Cancún",
        "equipaje_facturado": 2
    },
    {
        "nombre": "John Doe",
        "nacionalidad": "España",
        "numero_de_pasaporte": "P90000021",
        "vuelo": "A109",
        "asiento": 19,
        "destino": "New York",
        "origen": "Londres",
        "equipaje_facturado": 0
    },
    {
        "nombre": "Jane Smith",
        "nacionalidad": "Reino Unido",
        "numero_de_pasaporte": "P90000022",
        "vuelo": "A114",
        "asiento": 12,
        "destino": "Cancún",
        "origen": "Ciudad de México",
        "equipaje_facturado": 1
    },
    {
        "nombre": "Liam Johnson",
        "nacionalidad": "España",
        "numero_de_pasaporte": "P90000023",
        "vuelo": "A102",
        "asiento": 16,
        "destino": "Londres",
        "origen": "Vancouver",
        "equipaje_facturado": 1
    },
    {
        "nombre": "Carlos García",
        "nacionalidad": "Reino Unido",
        "numero_de_pasaporte": "P90000024",
        "vuelo": "A105",
        "asiento": 17,
        "destino": "Londres",
        "origen": "Manchester",
        "equipaje_facturado": 2
    },
    {
        "nombre": "Jane Smith",
        "nacionalidad": "Estados Unidos",
        "numero_de_pasaporte": "P90000025",
        "vuelo": "A100",
        "asiento": 18,
        "destino": "Barcelona",
        "origen": "Toronto",
        "equipaje_facturado": 2
    },
    {
        "nombre": "John Doe",
        "nacionalidad": "España",
        "numero_de_pasaporte": "P90000026",
        "vuelo": "A101",
        "asiento": 19,
        "destino": "Ciudad de México",
        "origen": "Barcelona",
        "equipaje_facturado": 3
    },
    {
        "nombre": "Carlos García",
        "nacionalidad": "México",
        "numero_de_pasaporte": "P90000027",
        "vuelo": "A101",
        "asiento": 18,
        "destino": "Toronto",
        "origen": "Barcelona",
        "equipaje_facturado": 1
    },
    {
        "nombre": "Carlos García",
        "nacionalidad": "Canadá",
        "numero_de_pasaporte": "P90000028",
        "vuelo": "A101",
        "asiento": 11,
        "destino": "Madrid",
        "origen": "Toronto",
        "equipaje_facturado": 2
    },
    {
        "nombre": "Liam Johnson",
        "nacionalidad": "España",
        "numero_de_pasaporte": "P90000029",
        "vuelo": "A102",
        "asiento": 14,
        "destino": "Vancouver",
        "origen": "Londres",
        "equipaje_facturado": 1
    },
    {
        "nombre": "John Doe",
        "nacionalidad": "Estados Unidos",
        "numero_de_pasaporte": "P90000030",
        "vuelo": "A103",
        "asiento": 13,
        "destino": "Toronto",
        "origen": "Manchester",
        "equipaje_facturado": 1
    },
    {
        "nombre": "Marta Rodríguez",
        "nacionalidad": "Estados Unidos",
        "numero_de_pasaporte": "P90000031",
        "vuelo": "A105",
        "asiento": 19,
        "destino": "Londres",
        "origen": "Cancún",
        "equipaje_facturado": 0
    },
    {
        "nombre": "Jane Smith",
        "nacionalidad": "Reino Unido",
        "numero_de_pasaporte": "P90000032",
        "vuelo": "A107",
        "asiento": 12,
        "destino": "Ciudad de México",
        "origen": "Cancún",
        "equipaje_facturado": 0
    },
    {
        "nombre": "Carlos García",
        "nacionalidad": "España",
        "numero_de_pasaporte": "P90000033",
        "vuelo": "A108",
        "asiento": 11,
        "destino": "Barcelona",
        "origen": "New York",
        "equipaje_facturado": 2
    },
    {
        "nombre": "Liam Johnson",
        "nacionalidad": "Estados Unidos",
        "numero_de_pasaporte": "P90000034",
        "vuelo": "A109",
        "asiento": 18,
        "destino": "Ciudad de México",
        "origen": "Londres",
        "equipaje_facturado": 0
    },
    {
        "nombre": "Carlos García",
        "nacionalidad": "Estados Unidos",
        "numero_de_pasaporte": "P90000035",
        "vuelo": "A111",
        "asiento": 16,
        "destino": "Vancouver",
        "origen": "Ciudad de México",
        "equipaje_facturado": 2
    },
    {
        "nombre": "Carlos García",
        "nacionalidad": "España",
        "numero_de_pasaporte": "P90000036",
        "vuelo": "A111",
        "asiento": 17,
        "destino": "Toronto",
        "origen": "Barcelona",
        "equipaje_facturado": 1
    },
    {
        "nombre": "John Doe",
        "nacionalidad": "España",
        "numero_de_pasaporte": "P90000037",
        "vuelo": "A112",
        "asiento": 10,
        "destino": "New York",
        "origen": "Barcelona",
        "equipaje_facturado": 0
    },
    {
        "nombre": "Jane Smith",
        "nacionalidad": "Canadá",
        "numero_de_pasaporte": "P90000038",
        "vuelo": "A114",
        "asiento": 11,
        "destino": "Toronto",
        "origen": "Cancún",
        "equipaje_facturado": 0
    },
    {
        "nombre": "Carlos García",
        "nacionalidad": "Canadá",
        "numero_de_pasaporte": "P90000039",
        "vuelo": "A114",
        "asiento": 14,
        "destino": "Ciudad de México",
        "origen": "Toronto",
        "equipaje_facturado": 0
    },
    {
        "nombre": "John Doe",
        "nacionalidad": "Estados Unidos",
        "numero_de_pasaporte": "P90000040",
        "vuelo": "A115",
        "asiento": 15,
        "destino": "New York",
        "origen": "Los Angeles",
        "equipaje_facturado": 2
    },
    {
        "nombre": "Jane Smith",
        "nacionalidad": "Reino Unido",
        "numero_de_pasaporte": "P90000041",
        "vuelo": "A116",
        "asiento": 16,
        "destino": "Londres",
        "origen": "Paris",
        "equipaje_facturado": 1
    },
    {
        "nombre": "Carlos Rodríguez",
        "nacionalidad": "Mexico",
        "numero_de_pasaporte": "P90000042",
        "vuelo": "A120",
        "asiento": 13,
        "destino": "Ciudad de Mexico",
        "origen": "Miami",
        "equipaje_facturado": 0
    },
    {
        "nombre": "Liu Wei",
        "nacionalidad": "China",
        "numero_de_pasaporte": "P90000043",
        "vuelo": "A120",
        "asiento": 18,
        "destino": "Beijing",
        "origen": "San Francisco",
        "equipaje_facturado": 1
    },
    {
        "nombre": "Ahmed Al-Farsi",
        "nacionalidad": "Emiratos Arabes Unidos",
        "numero_de_pasaporte": "P90000044",
        "vuelo": "A120",
        "asiento": 14,
        "destino": "Dubai",
        "origen": "New York",
        "equipaje_facturado": 3
    },
    {
        "nombre": "John Doe",
        "nacionalidad": "Estados Unidos",
        "numero_de_pasaporte": "P90000045",
        "vuelo": "121",
        "asiento": 11,
        "destino": "New York",
        "origen": "Los Angeles",
        "equipaje_facturado": 2
    },
    {
        "nombre": "Jane Smith",
        "nacionalidad": "Reino Unido",
        "numero_de_pasaporte": "P90000046",
        "vuelo": "A129",
        "asiento": 10,
        "destino": "Londres",
        "origen": "Paris",
        "equipaje_facturado": 1
    },
    {
        "nombre": "Carlos Rodríguez",
        "nacionalidad": "Mexico",
        "numero_de_pasaporte": "P90000047",
        "vuelo": "A129",
        "asiento": 11,
        "destino": "Ciudad de Mexico",
        "origen": "Miami",
        "equipaje_facturado": 0
    },
    {
        "nombre": "Liu Wei",
        "nacionalidad": "China",
        "numero_de_pasaporte": "P90000048",
        "vuelo": "A129",
        "asiento": 19,
        "destino": "Beijing",
        "origen": "San Francisco",
        "equipaje_facturado": 1
    },
    {
        "nombre": "Ahmed Al-Farsi",
        "nacionalidad": "Emiratos Arabes Unidos",
        "numero_de_pasaporte": "P90000049",
        "vuelo": "A129",
        "asiento": 18,
        "destino": "Dubai",
        "origen": "New York",
        "equipaje_facturado": 3
    }
]