[
    {
        "vuelo": "A100",
        "numero_de_registro": "N12345",
        "modelo": "Boeing 737",
        "fabricante": "Boeing",
        "ano_fabricacion": 2015,
        "capacidad": 180,
        "peso_max_despegue": 79000,
        "aerolinea": "AirlineX",
        "estado": "Disponible"
    },
    {
        "vuelo": "A102",
        "numero_de_registro": "N54321",
        "modelo": "Airbus A320",
        "fabricante": "Airbus",
        "ano_fabricacion": 2018,
        "capacidad": 150,
        "peso_max_despegue": 77000,
        "aerolinea": "AirlineY",
        "estado": "Disponible"
    },
    {
        "vuelo": "A104",
        "numero_de_registro": "N67890",
        "modelo": "Boeing 787",
        "fabricante": "Boeing",
        "ano_fabricacion": 2020,
        "capacidad": 242,
        "peso_max_despegue": 254000,
        "aerolinea": "AirlineZ",
        "estado": "Disponible"
    },
    {
        "vuelo": "A106",
        "numero_de_registro": "N13579",
        "modelo": "Boeing 777",
        "fabricante": "Boeing",
        "ano_fabricacion": 2012,
        "capacidad": 396,
        "peso_max_despegue": 351000,
        "aerolinea": "AirlineX",
        "estado": "Mantenimiento"
    },
    {
        "vuelo": "A108",
        "numero_de_registro": "N24680",
        "modelo": "Airbus A380",
        "fabricante": "Airbus",
        "ano_fabricacion": 2010,
        "capacidad": 853,
        "peso_max_despegue": 560000,
        "aerolinea": "AirlineW",
        "estado": "Mantenimiento"
    }
]
